50	Dataset	Pi_50
52	Dataset	The-Square-Root-of-2_52
65	Dataset	The-First-100-000-Prime-Numbers_65
114	StillImage	The-Tenniel-Illustrations-for-Carroll-s-Alice-in-Wonderland_114
116	MovingImage	Motion-Pictures-of-the-Apollo-11-Lunar-Landing_116
127	Dataset	The-Number--e-_127
129	Dataset	The-Square-Root-of-2_129
181	Reserved	
182	Reserved	
183	Reserved	
184	Reserved	
185	Reserved	
186	Reserved	
187	Reserved	
188	Reserved	
189	Reserved	
190	Reserved	
191	Reserved	
192	Reserved	
193	Reserved	
194	Reserved	
195	Reserved	
196	Reserved	
197	Reserved	
198	Reserved	
199	Reserved	
239	StillImage	Radar-Map-of-the-United-States_239
256	MovingImage	Motion-Picture-of-Rotating-Earth_256
565	Undetermined	The-Zincali-An-Account-of-the-Gypsies-of-Spain_565
576	Undetermined	The-Project-Gutenberg-Web-Pages_576
616	Undetermined	Prayers-Written-At-Vailima-and-A-Lowden-Sabbath-Morn_616
622	Undetermined	The-Letters-of-Robert-Louis-Stevenson-Volume-1_622
628	Dataset	The-Square-Root-of-3_628
629	Dataset	The-Square-Root-of-5_629
630	Dataset	The-Square-Root-of-6_630
631	Dataset	The-Square-Root-of-7_631
632	Dataset	The-Square-Root-of-8_632
635	Dataset	The-Square-Root-of-10_635
637	Undetermined	The-Letters-of-Robert-Louis-Stevenson-Volume-2_637
672	Copyright	The-Secret-Guide-to-Computers_672
676	Undetermined	The-Battle-of-Life_676
745	Dataset	One-Divided-by-Pi--To-1-Million-Digits-_745
757	Undetermined	Fifty-Bab-Ballads-Much-Sound-and-Little-Sense_757
758	StillImage	
771	Undetermined	Biographical-Notes-on-the-Pseudonymous-Bells_771
772	Undetermined	Moral-Emblems_772
835	Undetermined	The-Grey-Brethren-and-Other-Fragments-in-Prose-and-Verse_835
931	Undetermined	The-Bab-Ballads_931
933	Undetermined	More-Bab-Ballads_933
934	Undetermined	Songs-of-a-Savoyard_934
1018	Undetermined	The-Water-Babies_1018
1070	Unused	
1071	Unused	
1072	Unused	
1073	Unused	
1255	Unused	No-title_1255
1464	Undetermined	Contributions-to-All-The-Year-Round_1464
1647	Unused	
1648	Unused	
1691	Reserved	
1766	Unused	
1767	Unused	
1789	Unused	
1914	Reserved	
1964	Reserved	
1984	Reserved	
2001	Reserved	
2091	Reserved	
2152	Undetermined	On-the-Makaloa-MatIsland-Tales_2152
2184	Undetermined	Unbeaten-Tracks-in-Japan_2184
2200	Reserved	
2201	Dataset	Human-Genome-Project-rough-draft-Chromosome-Number-01_2201
2202	Dataset	Human-Genome-Project-rough-draft-Chromosome-Number-02_2202
2203	Dataset	Human-Genome-Project-rough-draft-Chromosome-Number-03_2203
2204	Dataset	Human-Genome-Project-rough-draft-Chromosome-Number-04_2204
2205	Dataset	Human-Genome-Project-rough-draft-Chromosome-Number-05_2205
2206	Dataset	Human-Genome-Project-rough-draft-Chromosome-Number-06_2206
2207	Dataset	Human-Genome-Project-rough-draft-Chromosome-Number-07_2207
2208	Dataset	Human-Genome-Project-rough-draft-Chromosome-Number-08_2208
2209	Dataset	Human-Genome-Project-rough-draft-Chromosome-Number-09_2209
2210	Dataset	Human-Genome-Project-rough-draft-Chromosome-Number-10_2210
2211	Dataset	Human-Genome-Project-rough-draft-Chromosome-Number-11_2211
2212	Dataset	Human-Genome-Project-rough-draft-Chromosome-Number-12_2212
2213	Dataset	Human-Genome-Project-rough-draft-Chromosome-Number-13_2213
2214	Dataset	Human-Genome-Project-rough-draft-Chromosome-Number-14_2214
2215	Dataset	Human-Genome-Project-rough-draft-Chromosome-Number-15_2215
2216	Dataset	Human-Genome-Project-rough-draft-Chromosome-Number-16_2216
2217	Dataset	Human-Genome-Project-rough-draft-Chromosome-Number-17_2217
2218	Dataset	Human-Genome-Project-rough-draft-Chromosome-Number-18_2218
2219	Dataset	Human-Genome-Project-rough-draft-Chromosome-Number-19_2219
2220	Dataset	Human-Genome-Project-rough-draft-Chromosome-Number-20_2220
2221	Dataset	Human-Genome-Project-rough-draft-Chromosome-Number-21_2221
2222	Dataset	Human-Genome-Project-rough-draft-Chromosome-Number-22_2222
2223	Dataset	Human-Genome-Project-rough-draft-Chromosome-X-Number-23_2223
2224	Dataset	Human-Genome-Project-rough-draft-Chromosome-Y-Number-24_2224
2421	Undetermined	The-Beggar-s-Opera_2421
2576	Undetermined	Alps-and-Sanctuaries-of-Piedmont-and-the-Canton-Ticino_2576
2623	Reserved	
2624	Reserved	
2625	Reserved	
2626	Reserved	
2720	Undetermined	The-Pension-Beaurepas_2720
2733	Undetermined	Romano-Lavo-Lil-Word-Book-of-the-Romany-Or-English-Gypsy-Language-With-Specimens-of-Gypsy-Poet__2733
2738	Unused	
2869	Undetermined	The-Point-of-View_2869
2877	Unused	
2879	Unused	
3002	Sound	
3018	Unused	
3057	Copyright	The-Common-Edition-New-Testament_3057
3169	Undetermined	Cambridge-Pieces_3278
3201	Dataset	
3279	Undetermined	Canterbury-Pieces_3279
3500	Undetermined	Ceiriog_3500
3501	Dataset	
3502	Dataset	
3503	Dataset	
3504	Dataset	
3505	Dataset	
3506	Dataset	
3507	Dataset	
3508	Dataset	
3509	Dataset	
3510	Dataset	
3511	Dataset	
3512	Dataset	
3513	Dataset	
3514	Dataset	
3515	Dataset	
3516	Dataset	
3517	Dataset	
3518	Dataset	
3519	Dataset	
3520	Dataset	
3521	Dataset	
3522	Dataset	
3523	Dataset	
3524	Dataset	
3541	Undetermined	What-to-Do-Thoughts-Evoked-By-the-Census-of-Moscow_3541
3651	Dataset	The-Square-Root-of-4-to-a-Million-Places_3651
3680	Undetermined	Cartrefi-Cymru_3680
3696	Undetermined	The-Prince-and-the-Page-A-Story-of-the-Last-Crusade_3696
4366	Undetermined	Can-Such-Things-Be_4366
4387	Undetermined	Present-at-a-Hanging-and-Other-Ghost-Stories_4387
4749	Image	
4750	Image	
4751	Image	
4949	Image	
4950	Image	
4951	Image	
5188	Image	
5189	Image	
5190	Image	
5212	MovingImage	Film--Trinity-Shot--first-US-Atomic-Test-_5212
5213	MovingImage	Film--the-Bikini-Island-ABLE-Atomic-Test_5213
5214	MovingImage	Film--the-Bikini-Island-BAKER-Atomic-Test_5214
5215	MovingImage	Film--Several-Different-Atomic-Detonations_5215
5216	MovingImage	Film--Set-of-4-Atomic-Bomb-Test-Films_5216
5613	Reserved	
5627	Image	
5634	Image	
5635	Image	
5714	Image	
5884	Sound	The-Flying-Saucers-are-Real_5884
5885	Image	
5886	Image	
6084	Image	
6161	Dataset	
6348	Dataset	
6349	Dataset	
6419	Dataset	
6420	Dataset	
6532	Sound	Tarzan-of-the-Apes_6532
6533	Sound	A-Connecticut-Yankee-in-King-Arthur-s-Court_6533
6534	Sound	Dracula_6534
6535	Sound	The-Atomic-Bombings-of-Hiroshima-and-Nagasaki_6535
6536	Sound	
6537	Sound	Riders-of-the-Purple-Sage_6537
6538	Sound	20-000-Leagues-under-the-Sea_6538
6539	Sound	The-Hunchback-of-Notre-Dame_6539
6540	Sound	The-South-Pole--an-account-of-the-Norwegian-Antarctic-expedition-in-the--Fram---1910-12---Volu__6540
6541	Sound	South-Sea-Tales_6541
6542	Sound	Frankenstein_6542
6543	Sound	Droll-Stories_6543
6544	Sound	Aaron-s-Rod_6544
6545	Sound	Frederick-Douglass-on-Reconstruction_6545
6546	Sound	Beethoven-the-Man-and-the-Artist-as-Revealed-in-His-Own-Words_6546
6547	Sound	The-Conquest-of-Canaan_6547
6548	Sound	Captain-Blood_6548
6550	Sound	The-House-of-Mapuhi_6550
6551	Sound	Crome-Yellow_6551
6552	Sound	His-Own-People_6552
6553	Sound	Wessex-Tales_6553
6554	Sound	Penrod_6554
6555	Sound	De-Profundis_6555
6556	Sound	The-Jungle_6556
6557	Sound	The-Fall-of-the-House-of-Usher_6557
6620	Sound	The-Time-Machine_6620
6871	Image	
6937	Undetermined	A-Biography-of-Edmund-Spenser_6937
6951	Sound	Journal-of-Researches-into-the-Natural-History-and-Geology-of-the-Countries-Visited-During-the__6951
7053	Undetermined	Pages-from-a-Journal-with-Other-Papers_7053
7092	Image	
7093	Image	
7094	Sound	Don-Quixote_7094
7507	Image	
7536	Unused	
7869	Sound	A-Tale-of-Two-Cities_7869
7872	Sound	Dubliners_7872
7873	Sound	The-Insidious-Dr.-Fu-Manchu_7873
7874	Sound	Lord-Jim_7874
8204	Sound	Three-Men-in-a-Boat_8204
8205	Sound	On-the-Origin-of-Species_8205
8227	Sound	Middlemarch_8227
8608	Sound	Great-Expectations_8608
8609	Sound	A-Midsummer-Night-s-Dream_8609
8610	Sound	Howard-Pyle-s-Book-of-Pirates--13-Fiction-Fact--amp--Fancy-Concerning-the-Buccaneers--amp--Mar__8610
8611	Sound	The-Prince-and-the-Pauper_8611
8612	Sound	Through-Space-to-Mars--Or-the-Longest-Journey-on-Record_8612
8613	Sound	The-Poison-Belt_8613
8614	Sound	The-Lost-World_8614
8615	Sound	A-Study-in-Scarlet_8615
8616	Sound	The-Stark-Munro-Letters--13-Being-series-of-twelve-letters-written-by-J.-Stark-Munro-M.B.-to-h__8616
8617	Sound	The-Captain-of-the-Polestar-and-Other-Tales_8617
8618	Sound	The-Parasite_8618
8619	Sound	Round-the-Red-Lamp_8619
8620	Sound	The-Vital-Message_8620
8621	Sound	Tales-of-Terror-and-Mystery_8621
8622	Sound	The-New-Revelation_8622
8623	Sound	The-Adventures-of-Gerard_8623
8624	Sound	The-Adventures-of-Sherlock-Holmes_8624
8625	Sound	The-Sign-of-the-Four_8625
8626	Sound	The-Adventure-of-Wisteria-Lodge_8626
8627	Sound	The-Adventure-of-the-Cardboard-Box_8627
8628	Sound	The-Adventure-of-the-Red-Circle_8628
8629	Sound	Sir-Nigel_8629
8630	Sound	The-Adventure-of-the-Bruce-Partington-Plans_8630
8631	Sound	The-Adventure-of-the-Dying-Detective_8631
8632	Sound	The-Disappearance-of-Lady-Frances-Carfax_8632
8633	Sound	The-Adventure-of-the-Devil-s-Foot_8633
8634	Sound	His-Last-Bow_8634
8635	Sound	The-Hound-of-the-Baskervilles_8635
8636	Sound	Songs-of-Action_8636
8637	Sound	Through-the-Magic-Door_8637
8748	Sound	A-Princess-of-Mars_8748
8749	Sound	The-Gods-of-Mars_8749
8750	Sound	Warlord-of-Mars_8750
8751	Sound	Thuvia-Maid-of-Mars_8751
8752	Sound	The-Return-of-Tarzan_8752
8753	Sound	The-Beasts-of-Tarzan_8753
8754	Sound	The-Son-of-Tarzan_8754
8755	Sound	Tarzan-and-the-Jewels-of-Opar_8755
8756	Sound	The-Monster-Men_8756
8757	Sound	At-the-Earth-s-Core_8757
8758	Sound	Jungle-Tales-of-Tarzan_8758
8759	Sound	The-Lost-Continent_8759
8760	Sound	The-Mad-King_8760
8761	Sound	The-Oakdale-Affair_8761
8762	Sound	The-Outlaw-of-Torn_8762
8763	Sound	The-Land-That-Time-Forgot_8763
8764	Sound	The-People-That-Time-Forgot_8764
8765	Sound	Pellucidar_8765
8766	Sound	The-Chessmen-of-Mars_8766
8767	Sound	Tarzan-the-Untamed_8767
8768	Sound	Tarzan-the-Terrible_8768
8769	Sound	The-Efficiency-Expert_8769
8806	Sound	The-Mucker_8806
8807	Sound	Cuba-in-War-Time_8807
8808	Sound	Narrative-of-the-Voyages-Round-the-World-Performed-by-Captain-James-Cook--13-With-an-Account-o__8808
8809	Sound	Aesop-s-Fables_8809
8810	Sound	Ben-Hur--a-tale-of-the-Christ_8810
8811	Sound	Captain-Cook-s-Journal-During-His-First-Voyage-Round-the-World--13-Made-in-H.-M.-Bark--Endeavo__8811
8812	Sound	The-Secret-Garden_8812
8816	Sound	Quo-Vadis-a-Narrative-of-the-Time-of-Nero_8816
8817	Sound	The-Game_8817
8818	Sound	The-Last-Days-of-Pompeii_8818
8958	Sound	The-Age-of-Innocence_8958
8959	Sound	Narratives-of-New-Netherland-1609-1664_8959
8960	Sound	The-Great-Riots-of-New-York-1712-to-1873_8960
8962	Sound	The-Four-Million_8962
8963	Sound	Maggie-a-Girl-of-the-Streets_8963
8965	Sound	Floor-Games_8965
8966	Sound	Secret-Places-of-the-Heart_8966
8967	Sound	The-Door-in-the-Wall-and-Other-Stories_8967
8968	Sound	The-World-Set-Free_8968
8969	Sound	The-War-in-the-Air_8969
8970	Sound	Twelve-Stories-and-a-Dream_8970
8971	Sound	The-Island-of-Doctor-Moreau_8971
8972	Sound	The-First-Men-in-the-Moon_8972
8973	Sound	Little-Wars_8973
8974	Sound	The-Invisible-Man--A-Grotesque-Romance_8974
8975	Sound	The-Research-Magnificent_8975
8976	Sound	The-War-of-the-Worlds_8976
8977	Sound	The-Wheels-of-Chance_8977
8978	Sound	When-the-Sleeper-Wakes_8978
8979	Sound	Five-Weeks-in-a-Balloon_8979
8980	Sound	Robur-the-Conqueror_8980
8981	Sound	Eight-Hundred-Leagues-on-the-Amazon_8981
8982	Sound	Around-the-World-in-Eighty-Days_8982
8983	Sound	A-Journey-to-the-Interior-of-the-Earth_8983
8984	Sound	Off-on-a-Comet_8984
8985	Sound	In-Search-of-the-Castaways_8985
8986	Sound	From-the-Earth-to-the-Moon_8986
8987	Sound	Michael-Strogoff_8987
8988	Sound	The-Master-of-the-World_8988
8989	Sound	The-Survivors-of-the-Chancellor--Diary-of-J.R.-Kazallon-Passenger_8989
8990	Sound	The-Underground-City--Or-The-Black-Indies--13--Sometimes-Called-The-Child-of-the-Cavern-_8990
9001	Sound	Personal-Recollections-of-Joan-of-Arc---Volume-01_9001
9002	Sound	Personal-Recollections-of-Joan-of-Arc---Volume-02_9002
9003	Sound	The--30-000-Bequest-and-Other-Stories_9003
9004	Sound	Extract-from-Captain-Stormfield-s-Visit-to-Heaven_9004
9005	Sound	Following-the-Equator_9005
9006	Sound	The-Man-That-Corrupted-Hadleyburg_9006
9007	Sound	Adventures-of-Huckleberry-Finn_9007
9008	Sound	A-Horse-s-Tale_9008
9009	Sound	Life-on-the-Mississippi_9009
9010	Sound	On-the-Decay-of-the-Art-of-Lying_9010
9011	Sound	The-American-Claimant_9011
9012	Sound	A-Burlesque-Autobiography_9012
9013	Sound	The-Facts-Concerning-the-Recent-Carnival-of-Crime-in-Connecticut_9013
9014	Sound	The-Letters-of-Mark-Twain_9014
9015	Sound	The-Curious-Republic-of-Gondour-and-Other-Whimsical-Sketches_9015
9016	Sound	Christian-Science_9016
9017	Sound	A-Double-Barrelled-Detective-Story_9017
9018	Sound	In-Defense-of-Harriet-Shelley_9018
9019	Sound	A-Dog-s-Tale_9019
9020	Sound	Those-Extraordinary-Twins_9020
9021	Sound	Fenimore-Cooper-s-Literary-Offences_9021
9022	Sound	Goldsmith-s-Friend-Abroad-Again_9022
9023	Sound	The-Gilded-Age_9023
9024	Sound	The-Man-That-Corrupted-Hadleyburg-and-Other-Stories_9024
9025	Sound	How-to-Tell-a-Story-and-Other-Essays_9025
9026	Sound	The-Innocents-Abroad_9026
9027	Sound	Alonzo-Fitz-and-Other-Stories_9027
9028	Sound	The-Mysterious-Stranger_9028
9029	Sound	Mark-Twain-s-Speeches_9029
9030	Sound	Essays-on-Paul-Bourget_9030
9031	Sound	Some-Rambling-Notes-of-an-Idle-Excursion_9031
9032	Sound	Roughing-It_9032
9033	Sound	Sketches-New-and-Old_9033
9034	Sound	The-Stolen-White-Elephant_9034
9035	Sound	The-Tragedy-of-Pudd-nhead-Wilson_9035
9036	Sound	Tom-Sawyer-Abroad_9036
9037	Sound	Tom-Sawyer-Detective_9037
9038	Sound	The-Adventures-of-Tom-Sawyer_9038
9039	Sound	Is-Shakespeare-Dead-_9039
9040	Sound	A-Tramp-Abroad_9040
9041	Sound	What-Is-Man--and-Other-Essays_9041
9042	Sound	Extracts-from-Adam-s-Diary_9042
9056	Sound	Bad-Medicine_9056
9113	Sound	Before-Adam_9113
9114	Sound	Burning-Daylight_9114
9115	Sound	The-Call-of-the-Wild_9115
9116	Lost	
9117	Lost	
9118	Lost	
9119	Lost	
9120	Lost	
9121	Lost	
9122	Lost	
9123	Lost	
9124	Lost	
9125	Lost	
9126	Lost	
9127	Lost	
9128	Lost	
9129	Lost	
9130	Lost	
9131	Lost	
9132	Lost	
9133	Lost	
9134	Lost	
9135	Lost	
9136	Lost	
9137	Lost	
9138	Lost	
9139	Lost	
9140	Lost	
9141	Lost	
9142	Lost	
9143	Sound	The-Valley-of-the-Moon_9143
9144	Lost	
9145	Sound	White-Fang_9145
9146	Sound	I-and-my-Chimney_9146
9147	Sound	Moby-Dick_9147
9268	Sound	Omoo--Adventures-in-the-South-Seas_9268
9269	Sound	Typee_9269
9270	Sound	The-Battle-of-the-Books_9270
9271	Sound	The-Bickerstaff-Partridge-Papers_9271
9272	Sound	Gulliver-s-Travels_9272
9273	Sound	A-Modest-Proposal_9273
9274	Sound	The-Journal-to-Stella_9274
9275	Sound	A-Tale-of-a-Tub_9275
9276	Sound	Three-Sermons-Three-Prayers_9276
9277	Sound	Crucial-Instances_9277
9278	Sound	Bunner-Sisters_9278
9279	Sound	Fighting-France-from-Dunkerque-to-Belfort_9279
9280	Sound	The-House-of-Mirth_9280
9281	Sound	The-Hermit-and-the-Wild-Woman-and-Other-Stories_9281
9282	Sound	Madame-de-Treymes_9282
9283	Sound	Artemis-to-Actaeon-and-Other-Verses_9283
9284	Sound	Sanctuary_9284
9285	Sound	Summer_9285
9286	Sound	The-Descent-of-Man-and-Other-Stories_9286
9287	Sound	The-Glimpses-of-the-Moon_9287
9288	Sound	Ethan-Frome_9288
9289	Sound	Tales-of-Men-and-Ghosts_9289
9290	Sound	The-Touchstone_9290
9291	Sound	The-Reef_9291
9292	Sound	The-Valley-of-Decision_9292
9293	Sound	Early-Short-Fiction-of-Edith-Wharton_9293
9336	Sound	To-morrow_9336
9337	Sound	Amy-Foster_9337
9338	Sound	The-Secret-Agent_9338
9339	Sound	A-Personal-Record_9339
9340	Sound	The-Arrow-of-Gold_9340
9341	Sound	Chance--A-Tale-in-Two-Parts_9341
9342	Sound	Falk_9342
9343	Sound	Heart-of-Darkness_9343
9344	Sound	Almayer-s-Folly_9344
9345	Sound	Nostromo_9345
9346	Sound	Notes-on-Life-and-Letters_9346
9347	Sound	An-Outcast-of-the-Islands_9347
9348	Sound	Some-Reminiscences_9348
9349	Sound	A-Set-of-Six_9349
9350	Sound	The-Shadow-Line_9350
9351	Sound	The-Secret-Sharer_9351
9352	Sound	The-End-of-the-Tether_9352
9353	Sound	The-Mirror-of-the-Sea_9353
9354	Sound	Tales-of-Unrest_9354
9355	Sound	The-Rescue_9355
9356	Sound	#NAME?
9357	Sound	Typhoon_9357
9358	Sound	Victory--An-Island-Tale_9358
9359	Sound	Under-Western-Eyes_9359
9360	Sound	Within-the-Tides_9360
9361	Sound	Youth_9361
9392	Image	
9416	Sound	A-Changed-Man-and-Other-Tales_9416
9417	Sound	Far-from-the-Madding-Crowd_9417
9418	Sound	Desperate-Remedies_9418
9419	Sound	The-Dynasts_9419
9420	Sound	The-Hand-of-Ethelberta_9420
9421	Sound	Jude-the-Obscure_9421
9422	Sound	A-Laodicean_9422
9423	Sound	Life-s-Little-Ironies--13-A-set-of-tales-with-some-colloquial-sketches-entitled-A-Few-Crusted-__9423
9424	Sound	Late-Lyrics-and-Earlier_9424
9425	Sound	The-Mayor-of-Casterbridge_9425
9426	Sound	Moments-of-Vision_9426
9427	Sound	The-Return-of-the-Native_9427
9428	Sound	A-Group-of-Noble-Dames_9428
9429	Sound	A-Pair-of-Blue-Eyes_9429
9430	Sound	Poems-of-the-Past-and-the-Present_9430
9431	Sound	Romantic-Adventures-of-a-Milkmaid_9431
9432	Sound	Satires-of-Circumstance-etc._9432
9433	Sound	Tess-of-the-d-Urbervilles--A-Pure-Woman_9433
9434	Sound	Time-s-Laughingstocks-and-Other-Verses_9434
9435	Sound	The-Trumpet-Major_9435
9436	Sound	Two-on-a-Tower_9436
9437	Sound	Under-the-Greenwood-Tree_9437
9438	Sound	The-Well-Beloved_9438
9451	Sound	The-Woodlanders_9451
9452	Sound	Wessex-Poems-and-Other-Verses_9452
9510	Sound	The-Lock-and-Key-Library--The-Most-Interesting-Stories-of-All-Nations--American_9510
9511	Sound	Several-Works-by-Edgar-Allan-Poe_9511
9512	Sound	The-Works-of-Edgar-Allan-Poe-Volume-1_9512
9513	Sound	The-Works-of-Edgar-Allan-Poe-Volume-2_9513
9514	Sound	The-Works-of-Edgar-Allan-Poe-Volume-3_9514
9515	Sound	The-Works-of-Edgar-Allan-Poe-Volume-4_9515
9516	Sound	The-Works-of-Edgar-Allan-Poe-Volume-5_9516
9517	Sound	The-Second-Funeral-of-Napoleon_9517
9518	Sound	The-Paris-Sketch-Book-of-Mr.-M.-A.-Titmarsh_9518
9519	Sound	A-Little-Dinner-at-Timmins-s_9519
9520	Sound	The-Bedford-Row-Conspiracy_9520
9521	Sound	Burlesques_9521
9522	Sound	Barry-Lyndon_9522
9523	Sound	The-Christmas-Books-of-Mr.-M.A.-Titmarsh_9523
9524	Sound	Notes-on-a-Journey-from-Cornhill-to-Grand-Cairo_9524
9525	Sound	George-Cruikshank_9525
9526	Sound	Catherine--a-Story_9526
9527	Sound	The-Fatal-Boots_9527
9528	Sound	The-Fitz-Boodle-Papers_9528
9529	Sound	The-History-of-Samuel-Titmarsh-and-the-Great-Hoggarty-Diamond_9529
9530	Sound	The-History-of-Henry-Esmond-Esq.--13-A-Colonel-in-the-Service-of-Her-Majesty-Queen-Anne_9530
9531	Sound	John-Leech-s-Pictures-of-Life-and-Character_9531
9532	Sound	The-Lock-and-Key-Library--Classic-Mystery-and-Detective-Stories--Old-Time-English_9532
9533	Sound	Little-Travels-and-Roadside-Sketches_9533
9534	Sound	The-Tremendous-Adventures-of-Major-Gahagan_9534
9535	Sound	Men-s-Wives_9535
9536	Sound	The-Newcomes--13-Memoirs-of-a-Most-Respectable-Family_9536
9537	Sound	The-History-of-Pendennis_9537
9538	Sound	Roundabout-Papers_9538
9539	Sound	The-Rose-and-the-Ring_9539
9540	Sound	The-Book-of-Snobs_9540
9541	Sound	The-Wolves-and-the-Lamb_9541
9551	Sound	The-Adventures-of-Sherlock-Holmes_9551
9552	Sound	The-Hound-of-the-Baskervilles_9552
9553	Sound	The-Return-of-Sherlock-Holmes_9553
9554	Sound	His-Last-Bow_9554
9555	Sound	The-Memoirs-of-Sherlock-Holmes_9555
9556	Sound	A-Study-in-Scarlet_9556
9557	Sound	The-Valley-of-Fear_9557
9558	Sound	The-Sign-of-the-Four_9558
9671	Sound	Daniel-Deronda_9671
9672	Sound	Adam-Bede_9672
9673	Sound	Brother-Jacob_9673
9674	Sound	The-Lifted-Veil_9674
9675	Sound	The-Mill-on-the-Floss_9675
9676	Sound	Silas-Marner_9676
9677	Sound	Of-Captain-Mission_9677
9678	Sound	The-Consolidator_9678
9679	Sound	The-Life-Adventures-and-Piracies-of-the-Famous-Captain-Singleton_9679
9680	Sound	Dickory-Cronke_9680
9681	Sound	Everybody-s-Business-is-Nobody-s-Business_9681
9682	Sound	An-Essay-Upon-Projects_9682
9683	Sound	A-Journal-of-the-Plague-Year_9683
9684	Sound	From-London-to-Land-s-End_9684
9685	Sound	Moll-Flanders_9685
9686	Sound	The-Further-Adventures-of-Robinson-Crusoe_9686
9687	Sound	Robinson-Crusoe_9687
9688	Sound	Tour-through-the-Eastern-Counties-of-England_9688
9689	Sound	Three-Ghost-Stories_9689
9690	Sound	A-Child-s-History-of-England_9690
9691	Sound	All-the-Year-Round_9691
9692	Sound	A-Message-from-the-Sea_9692
9693	Sound	American-Notes_9693
9694	Sound	The-Battle-of-Life_9694
9695	Sound	Bleak-House_9695
9696	Sound	A-Christmas-Carol_9696
9697	Sound	Reprinted-Pieces_9697
9698	Sound	Some-Christmas-Stories_9698
9699	Sound	Martin-Chuzzlewit_9699
9702	Sound	The-Old-Curiosity-Shop_9702
9703	Sound	Dombey-and-Son_9703
9704	Sound	Doctor-Marigold_9704
9705	Sound	The-Mystery-of-Edwin-Drood_9705
9706	Sound	Speeches--Literary-and-Social_9706
9707	Sound	Going-into-Society_9707
9708	Sound	George-Silverman-s-Explanation_9708
9709	Sound	Hard-Times_9709
9710	Sound	Holiday-Romance_9710
9711	Sound	The-Holly-Tree_9711
9712	Sound	Hunted-Down_9712
9713	Sound	The-Haunted-Man-and-the-Ghost-s-Bargain_9713
9714	Sound	A-House-to-Let_9714
9715	Sound	Little-Dorrit_9715
9716	Sound	The-Lamplighter_9716
9717	Sound	The-Lazy-Tour-of-Two-Idle-Apprentices_9717
9718	Sound	Mudfog-and-Other-Sketches_9718
9719	Sound	Our-Mutual-Friend_9719
9720	Sound	Mugby-Junction_9720
9721	Sound	Master-Humphrey-s-Clock_9721
9722	Sound	Mrs.-Lirriper-s-Lodgings_9722
9723	Sound	Mrs.-Lirriper-s-Legacy_9723
9724	Sound	Miscellaneous-Papers_9724
9725	Sound	Nicholas-Nickleby_9725
9726	Sound	No-Thoroughfare_9726
9727	Sound	Oliver-Twist_9727
9728	Sound	Pictures-from-Italy_9728
9729	Sound	Perils-of-Certain-English-Prisoners_9729
9730	Sound	The-Pickwick-Papers_9730
9731	Sound	To-Be-Read-at-Dusk_9731
9732	Sound	Barnaby-Rudge_9732
9733	Sound	Sketches-by-Boz-illustrative-of-everyday-life-and-every-day-people_9733
9734	Sound	Sketches-of-Young-Gentlemen_9734
9735	Sound	Somebody-s-Luggage_9735
9736	Sound	Sunday-under-Three-Heads_9736
9737	Sound	The-Seven-Poor-Travellers_9737
9738	Sound	The-Chimes--13-A-Goblin-Story-of-Some-Bells-That-Rang-an-Old-Year-out-and-a-New-Year-In_9738
9739	Sound	Cricket-on-the-Hearth_9739
9740	Sound	Tom-Tiddler-s-Ground_9740
9741	Sound	The-Uncommercial-Traveller_9741
9742	Sound	The-Wreck-of-the-Golden-Mary_9742
9743	Sound	Sketches-of-Young-Couples_9743
9744	Sound	David-Copperfield_9744
10137	Sound	Mary-Had-a-Little-Lamb--13-Recording-taken-from-Movietone-Production-news-film_10137
10152	Sound	Voice-Trial---Kinetophone-actor-audition_10152
10153	Sound	Voice-Trial---Kinetophone-Actor-Audition_10153
10154	Sound	Voice-Trial---Kinetophone-Actor-Audition_10154
10155	Sound	The-Right-of-the-People-to-Rule_10155
10156	Sound	M-appari---Martha_10156
10157	Sound	Which-Switch-is-the-Switch-Miss-for-Ipswich---13-From-Rosy-Rapture_10157
10158	Sound	Daybreak-at-Calamity-Farm_10158
10167	Sound	Mr.-Thomas-Cat_10167
10168	Sound	Kaiser-Frederick-March_10168
10169	Sound	Semper-Fidelis-March_10169
10170	Sound	Stars-and-Stripes-Forever_10170
10171	Sound	Santa-Lucia_10171
10172	Sound	Minuet-in-G-Flat-major-and-Valse-Bluette_10172
10173	Sound	Hungarian-Rhapsody-No.-2-Part-1_10173
10174	Sound	William-Tell-Overture-Pt.-2_10174
10175	Sound	Prelude-in-C-Sharp-Minor-Op.-3_10175
10176	Sound	The-Debutante--13-Caprice-Brillante_10176
10177	Sound	Ride-of-the-Valkyries_10177
10178	Sound	Piano-Sonata-No.-14-in-C-sharp-minor--Moonlight-_10178
10179	Sound	Extracts-from-the-Ballet-Suite-Scherazada-Pt.-1_10179
10180	Sound	Slavonic-Dance-No.-1_10180
10181	Sound	Clair-de-Lune--13-From-Suite-Bergamasque_10181
10182	Sound	Trio-No.-1-in-B-Flat-Pt.-1--13-1st-Movement-allegro-moderato-Op.-99_10182
10183	Sound	Etude-Nouvelle-in-A-Flat-and-Etude-in-C-Major-Op.-10-No.-1_10183
10184	Sound	Quartet-in-G-1st-Movement-Pt.-1_10184
10185	Sound	Minstrel-Potpourri_10185
10186	Sound	Schultz-at-the-Paris-Exposition_10186
10187	Sound	Reuben-Haskin-s-ride-on-the-Cyclone-Auto_10187
10188	Sound	Two-Rubes-at-the-Vaudeville_10188
10189	Sound	Three-Rubes-Seeing-New-York_10189
10190	Sound	A-Bunch-of-Nonsense--13-Vaudeville-Specialty_10190
10191	Sound	Fourth-of-July-at-Punkin-Center_10191
10192	Sound	Interruptions--13-Comic-Sketch_10192
10193	Sound	Backyard-Conversation-Between-Mrs.-Reilly-and-Mrs.-Finnegan_10193
10194	Sound	Opera-Reel-with-Calls_10194
10195	Sound	Lonesome-Road-Blues_10195
10196	Sound	Cluck-Old-Hen_10196
10197	Sound	He-Was-Nailed-to-the-Cross-for-Me_10197
10198	Sound	Barbara-Allen_10198
10199	Sound	Down-in-a-Georgia-Jail_10199
10200	Sound	To-Edison-from-Colonel-Gouraud-Introducing-Mr.-Gladstone--13-The-Phonograph-s-Salutation_10200
10203	Sound	Big-Ben-Clock-Tower-of-Westminster--13-Striking-half-past-10-quarter-to-11-and-11-o-clock_10203
10204	Sound	Charge-of-the-Light-Brigade_10204
10205	Sound	Words-of-Welcome--13-Opening-of-the-Electrical-Exposition-of-New-York-City_10205
10206	Sound	The-Liver-Complaint-Story_10206
10207	Sound	The-Railroad-Question_10207
10208	Sound	The-Rights-of-Labor_10208
10209	Sound	Electricity-and-Progress--13-Opening-of-the-New-York-Electrical-Show_10209
10227	Sound	Tolstoy-s-Plower-Story_10227
10228	Sound	El-Presidente-D-az-al-Se-or-Edison_10228
10229	Sound	My-South-Polar-Expedition_10229
10230	Sound	Remarks-from-a-Visit-to-Edison-Laboratory_10230
10231	Sound	Remarks-from-a-Visit-to-Edison-Laboratory_10231
10232	Sound	Remarks-from-a-Visit-to-Edison-Laboratory_10232
10233	Sound	Transcontinental-Telephone-Address-to-Thomas-A.-Edison_10233
10235	Sound	Discussion-on-Edison-s-Monoid-Theory_10235
10236	Sound	International-Correspondence-School---Spanish-Lesson--9_10236
10237	Sound	Siegel-Myers-School-of-Music---Vocal-Record-F_10237
10238	Sound	Ediphone-School-Record-No.-2--13-90-WPM-1_10238
10239	Sound	2nd-Record_10239
10240	Sound	Plaque-No.-1--13-Exp.-No.-1-2-3-4-Recorder--20_10240
10241	Sound	Plaque-No.-2--13-Exp.-No.-5-6-7-8-Recorder--20_10241
10242	Sound	Plaque-No.-6--13-Exp.-No.-27-Recorder--20_10242
10243	Sound	Radio-Program-for-WAAM-Newark-New-Jersey_10243
10244	Sound	Johnson--Jass--Blues--13-Fox-Trot_10244
10245	Sound	Jazz-de-Luxe--13-Fox-Trot_10245
10246	Sound	Sensation-Jazz--One-Step_10246
10247	Sound	Dixieland--13-One-Step_10247
10248	Sound	Blues-my-Naughty-Sweetie-Gives-to-Me_10248
10249	Sound	The-St.-Louis-Blues_10249
10250	Sound	The-Five-Bachelors_10250
10252	Sound	The-Old-Violin_10252
10253	Sound	The-Gospel-of-Wealth_10253
10254	Sound	The-Birth-of-the-Telephone_10254
10255	Sound	La-Paloma_10255
10256	Sound	O-Tannenbaum_10256
10257	Sound	Mazel-Tov_10257
10258	Sound	Nataligino-Kolo_10258
10259	Sound	Sm-s-esko---slov-ckych-p-sn----cis-1_10259
10260	Sound	Narodowe-Melodye--13-Polka_10260
10261	Sound	La-Bella-Cubano--13-Habenera_10261
10262	Sound	Que-Partes-El-Alma--13-Rumba-Son_10262
10263	Sound	Envoyons-d-l-avant-nos-gens---13-Folklore-du-Canada_10263
10264	Sound	Skamba-Kankliah-Ir-Trimintai_10264
10265	Sound	Anssin-Jukka-ja-H-rm-n-H--t_10265
10269	Sound	Pharoah-s-Army-Got-Drownded_10269
10270	Sound	What-Band-Is-This-_10270
10271	Sound	H-chstes-Vertrauen--13--aus-Lohengrin-_10271
10272	Sound	Sono-Un-Poeta--13-From-La-Boh-me_10272
10273	Sound	Ah--Fors---Lui--La-Traviata-_10273
10275	Sound	La-Gioconda_10275
10276	Sound	Gloria--13-From-The-Twelfth-Mass-by-Wolfgang-Amadeus-Mozart_10276
10277	Sound	Hallelujah-Chorus--13-From-The-Messiah_10277
10278	Sound	Sei-Forse-L-Angelo-Fedele--13-From-Eugene-Onegin_10278
10279	Sound	Uncle-Tom-s-Cabin--Entrance-of-Topsy_10279
10280	Sound	In-de-Mornin-and-Jes-Gib-Him-One-Ob-Mine_10280
10281	Sound	Antony-s-Address-over-the-Body-of-Caesar--13-From-Julius-Caesar_10281
10282	Sound	Polish-National-Dance_10282
10283	Sound	Dinah-Polka_10283
10284	Sound	Spring-of-Love_10284
10285	Sound	Ma-Rag-Time-Baby_10285
10286	Sound	Arbucklenian-Polka_10286
10287	Sound	New-York-Blues_10287
10288	Sound	Ragtime-Echoes_10288
10295	Sound	The-Band-of-Gideon_10295
10296	Sound	Swing-Low-Sweet-Chariot_10296
10297	Sound	Saxema_10297
10298	Sound	Flow-Gently-Sweet-Afton-and-Bonnie-Sweet-Bessie_10298
10299	Sound	Poet-and-Peasant-Overture_10299
10300	Sound	Snyder-Does-Your-Mother-Know-You-re-Out-_10300
10301	Sound	Who-Threw-the-Overalls-in-Mrs.-Murphy-s-Chowder-_10301
10302	Sound	Just-Because-She-Made-Dem-Goo-Goo-Eyes_10302
10303	Sound	Jere-Sanford-s-Yodling-and-Whistling-Specialty_10303
10304	Sound	Some-of-These-Days--13-From-Honky-Tonk_10304
10305	Sound	Alexander-s-Ragtime-Band_10305
10306	Sound	Moonlight-Bay_10306
10307	Sound	At-the-Moving-Picture-Ball_10307
10308	Sound	Handel-Festival--13-Israel-in-Egypt--excerpt-_10308
10309	Sound	The-Lost-Chord_10309
10310	Sound	After-Dinner-Toast-at-Little-Menlo_10310
10311	Sound	Around-the-World-on-the-Phonograph_10311
10312	Sound	The-Pattison-Waltz_10312
10313	Sound	The-Fifth-Regiment-March_10313
10344	Sound	Autumn-Anthem_10344
10348	Sound	Go-to-Sea-Once-More_10348
10405	Sound	Clarinet-Squawk--13-One-Step_10405
10406	Sound	Heart-Bowed-Down--13-Aria-from-The-Bohemian-Girl_10406
10407	Sound	A-Perfect-Day--13-Waltz_10407
10408	Sound	Bring-Back-My-Blushing-Rose---Sally-Won-t-You-Come-Back----13-Foxtrot-Medley_10408
10411	Sound	By-the-Sapphire-Sea_10411
10412	Sound	El-Choclo-Tango_10412
10413	Sound	Fancy-Little-Nancy_10413
10414	Sound	I-Love-You-California--13-March-Song_10414
10415	Sound	Nights-of-Gladness--Waltz_10415
10416	Sound	There-s-a-Little-Bit-of-Bad-in-Every-Good-Little-Girl_10416
10423	Sound	Triplets---Fox-Trot_10423
10424	Sound	Caprice-Viennois_10424
10470	Sound	Nine-Hundred-Miles_10470
10486	Sound	Twelve-Gates-to-the-City_10486
10487	Sound	Alabama-Bound_10487
10488	Sound	Away-in-a-Manger_10488
10497	Sound	Battle-Hymn-of-the-Republic_10497
10498	Sound	Ain-No-Mo-Cane-on-De-Brazis_10498
10499	Sound	Delia-s-Gone_10499
10500	Sound	Heave-Away_10500
10501	Sound	The-Whale-Catchers_10501
10503	Sound	John-Henry_10503
10504	Sound	Liverpool-Gals_10504
10505	Sound	Waltzing-Matilda_10505
10524	Sound	We-Wish-You-a-Merry-Christmas_10524
10525	Sound	Michael-Row-the-Boat-Ashore_10525
10526	Sound	Nancy-Whiskey_10526
10527	Sound	On-the-Banks-of-the-Ohio_10527
10528	Sound	I-Heard-the-Bells-on-Christmas-Day_10528
10529	Sound	I-am-a-Pilgrim_10529
10530	Sound	Ride-Railroad-Bill_10530
10535	Sound	Jingle-Bells--13-Or-The-One-Horse-Open-Sleigh_10535
10536	Sound	Project-Gutenberg-Fanfare_10536
10558	Sound	Audio--Vanity-Fair_10558
10559	Sound	Ballads_10559
10645	Sound	Go-Tell-Aunt-Rhodie_10645
10646	Sound	Roddy-McCorley_10646
10650	Sound	When-the-Saints-Go-Marching-In_10650
10651	Sound	Shenandoah_10651
10652	Sound	Spanish-is-the-Loving-Tongue_10652
10653	Sound	The-Squid-Jigging-Ground_10653
10654	Sound	The-St.-James-Infirmary-Blues_10654
10757	Sound	Pretty-Saro_10757
10758	Sound	Star-Spangled-Banner_10758
10759	Sound	Tarrytown_10759
10802	Collection	Project-Gutenberg--10K--DVD_10802
11001	Image	String-Quartet-No.-05-in-A-major-Opus-18_11001
11002	Image	String-Quartet-No.-11-in-F-minor-Opus-95--Serioso-_11002
11220	Collection	
11755	Image	String-Quartet-No.-10-in-E-flat-major-Opus-74--Harp-_11755
11775	Dataset	
11776	Dataset	
11777	Dataset	
11778	Dataset	
11779	Dataset	
11780	Dataset	
11781	Dataset	
11782	Dataset	
11783	Dataset	
11784	Dataset	
11785	Dataset	
11786	Dataset	
11787	Dataset	
11788	Dataset	
11789	Dataset	
11790	Dataset	
11791	Dataset	
11792	Dataset	
11793	Dataset	
11794	Dataset	
11795	Dataset	
11796	Dataset	
11797	Dataset	
11798	Dataset	
11799	Dataset	Human-Genome-Project-Build-34-Human-Genome-Supplemental-Data_11799
12149	Image	String-Quartet-No.-03-in-D-major-Opus-18_12149
12237	Image	String-Quartet-No.-16-in-F-major-Opus-135_12237
12695	Image	String-Quartet-No.-04-in-C-minor-Opus-18_12695
12702	Sound	The-Tale-of-Peter-Rabbit_12702
12703	Sound	The-Little-Match-Girl_12703
12704	Sound	Briar-Rose_12704
12705	Sound	King-Grisly-Beard_12705
12706	Sound	The-Mouse-the-Bird-and-the-Sausage_12706
12707	Sound	The-Travelling-Musicians_12707
12708	Sound	Rumpelstiltskin_12708
12709	Sound	Clever-Gretel_12709
12710	Sound	Rapunzel_12710
12711	Sound	On-the-Decay-of-the-Art-of-Lying_12711
12712	Sound	Dialogue-Between-Franklin-and-the-Gout_12712
12713	Sound	The-Rhyme-of-the-Ancient-Mariner_12713
12714	Sound	Alone_12714
12715	Sound	Danny-Deever_12715
12716	Sound	Dedication_12716
12717	Sound	When-Lilacs-Last-in-the-Dooryard-Bloom-d_12717
12718	Sound	Song-of-Myself-Selections_12718
12719	Sound	Sonnet---29_12719
12720	Sound	Sonnet--40_12720
12721	Sound	Sonnet--55_12721
12722	Sound	Sonnet--100_12722
12723	Sound	Sonnet--106_12723
12724	Sound	Sonnet--116_12724
13078	Image	String-Quartet-No.-12-in-E-flat-major-Opus-127_13078
13079	Image	String-Quartet-No.-14-in-C-sharp-minor-Opus-131_13079
13082	MovingImage	Images-of-Comet-Wild-2--13-Taken-by-NASA-s-Stardust-spacecraft-in-2004_13082
13153	Image	String-Quartet-No.-15-in-A-minor-Opus-132_13153
13473	Image	String-Quartet-No.-06-in-B-flat-major-Opus-18_13473
13590	Image	British-Folk-Music-Settings-Nr.-4--Shepherd-s-Hey-_13590
17401	Sound	The-Time-Machine_17401
17426	Sound	The-Marvelous-Land-Of-Oz--13-Reading-by-Roy-Trumbull_17426
19159	Collection	Project-Gutenberg-DVD--The-July-2006-Special_19159
19450	Sound	Dorothy-and-the-Wizard-in-Oz_19450
19466	Sound	The-Marvelous-Land-of-Oz_19466
19467	Sound	Little-Wizard-Stories-of-Oz_19467
19504	Sound	A-Calendar-of-Sonnets_19504
19505	Sound	A-Christmas-Carol_19505
19506	Sound	A-Connecticut-Yankee-in-King-Arthur-s-Court_19506
19508	Sound	A-Modest-Proposal_19508
19513	Sound	A-Journey-to-the-Center-of-the-Earth_19513
19514	Sound	A-Little-Princess_19514
19515	Sound	A-Princess-of-Mars_19515
19516	Sound	The-Adventures-of-Pinocchio_19516
19517	Sound	Le-avventure-di-Pinocchio_19517
19571	Sound	A-Noiseless-Patient-Spider_19571
19572	Sound	Absolute-Surrender-and-Other-Addresses_19572
19573	Sound	Alice-s-Adventures-in-Wonderland_19573
19574	Sound	Andersen-s-Fairy-Tales_19574
19575	Sound	Anne-of-Avonlea_19575
19576	Sound	Anne-of-Green-Gables_19576
19577	Sound	Art-and-Heart_19577
19578	Sound	A-Ballad-of-John-Silver_19578
19579	Sound	American-Indian-Fairy-Tales_19579
19580	Sound	An-International-Episode_19580
19581	Sound	Amendments-to-the-United-States-Constitution_19581
19582	Sound	Amendments-to-the-United-States-Constitution_19582
19583	Sound	A-Vagabond-Song_19583
19616	Sound	Aesop-s-Fables---Volume-01_19616
19617	Sound	Aesop-s-Fables---Volume-02_19617
19618	Sound	Aesop-s-Fables---Volume-03_19618
19619	Sound	Aesop-s-Fables---Volume-04_19619
19620	Sound	Aesop-s-Fables---Volume-05_19620
19621	Sound	Aesop-s-Fables---Volume-06_19621
19622	Sound	Aesop-s-Fables---Volume-07_19622
19623	Sound	Aesop-s-Fables---Volume-08_19623
19624	Sound	Aesop-s-Fables---Volume-09_19624
19625	Sound	Aesop-s-Fables---Volume-10_19625
19626	Sound	Aesop-s-Fables---Volume-11_19626
19627	Sound	Aesop-s-Fables---Volume-12_19627
19631	Sound	#NAME?
19632	Sound	Barbara-Frietchie_19632
19633	Sound	Beowulf_19633
19634	Sound	Beyond-Good-and-Evil_19634
19635	Sound	Biblia-Sacra-Vulgata---Psalmi-XXII_19635
19636	Sound	Bildergeschichten_19636
19637	Sound	Black-Beauty---The-Autobiography-of-a-Horse_19637
19638	Sound	Auf-der-Galerie_19638
19639	Sound	Book-of-Esther_19639
19640	Sound	Adventures-of-Huckleberry-Finn_19640
19677	Sound	Caedmon-s-Hymn_19677
19678	Sound	Call-of-the-Wild_19678
19679	Sound	Cathay_19679
19680	Sound	Childhood_19680
19681	Sound	#NAME?
19682	Sound	Chapters-from-My-Autobiography_19682
19683	Sound	China-and-the-Chinese_19683
19684	Sound	Columbus_19684
19685	Sound	Country-of-the-Pointed-Firs_19685
19686	Sound	Crome-Yellow_19686
19782	Sound	Daddy-Long-Legs_19782
19783	Sound	Danse-Russe_19783
19784	Sound	Death-Be-Not-Proud_19784
19785	Sound	Declaration-of-Independence-of-the-United-States-of-America_19785
19787	Sound	Declaration-of-Rights-and-Grievances_19787
19788	Sound	Denslow-s-Three-Bears_19788
19789	Sound	Der-kleine-H-welmann_19789
19790	Sound	Der-Schimmelreiter_19790
19791	Sound	Der-Struwwelpeter_19791
19792	Sound	Der-Struwwelpeter_19792
19793	Sound	Der-tolle-Mensch_19793
19794	Sound	Die-Leiden-des-jungen-Werther_19794
19795	Sound	Die-schwarze-Galeere_19795
19796	Sound	Discourse-on-the-Method-of-Rightly-Conducting-One-s-Reason-and-of-Seeking-Truth-in-the-Scienc__19796
19797	Sound	Dracula_19797
19836	Sound	Early-Spring_19836
19837	Sound	Ecclesiastes_19837
19838	Sound	Embankment-at-Night_19838
19839	Sound	Emma_19839
19840	Sound	Euthyphro_19840
19841	Sound	Eve-s-Diary_19841
19842	Sound	#NAME?
19843	Sound	Book-of-Judith_19843
19844	Sound	Book-of-Jude_19844
19845	Sound	Book-of-James_19845
20000	Sound	Twenty-Thousand-Leagues-Under-the-Sea_20000
20026	Sound	Fables-for-the-Frivolous_20026
20027	Sound	Grimms-Fairy-Tales_20027
20028	Sound	Fanny-Hill--Memoirs-of-a-Woman-of-Pleasure_20028
20029	Sound	Las-F-bulas-de-Esopo-Vol.-02_20029
20030	Sound	Fire-and-Ice_20030
20035	Sound	Fishing-with-a-Worm_20035
20036	Sound	Five-Children-and-It_20036
20037	Sound	Five-Little-Peppers-and-How-They-Grew_20037
20038	Sound	Frankenstein--Or-The-Modern-Prometheus_20038
20039	Sound	Ghost-Stories-of-an-Antiquary_20039
20045	Sound	Gro-er-L-rm_20045
20046	Sound	Give-Me-Liberty-or-Give-Me-Death_20046
20047	Sound	Four-Max-Carrados-Detective-Stories_20047
20048	Sound	From-October-to-Brest-Litovsk_20048
20049	Sound	Great-Big-Treasury-of-Beatrix-Potter_20049
20050	Sound	M-rchen-der-Gebr-der-Grimm-1_20050
20051	Sound	M-rchen-der-Gebr-der-Grimm-2_20051
20265	Sound	Anne-of-the-Island_20265
20266	Sound	Anthem-for-Doomed-Youth_20266
20267	Sound	At-The-Bay_20267
20268	Sound	The-Baby-s-Own-Aesop_20268
20269	Sound	Has-a-Frog-a-Soul-_20269
20270	Sound	Heart-of-Darkness_20270
20271	Sound	Heidi_20271
20272	Sound	Helsinkiin_20272
20273	Sound	The-History-of-England-from-the-Accession--13-of-James-the-II--Volume-1-Chapter-1-_20273
20274	Sound	The-History-of-England-from-the-Accession-of-James-II-Volume-1-Chapter-02_20274
20275	Sound	The-History-of-England-from-the-Accession-of--13-James-II-vol1-chapter-03_20275
20276	Sound	The-History-of-England-from-the-Accession-of-James-II-Volume-1-Chapter-04_20276
20277	Sound	The-History-of-England-from-the-Accession-of--13-James-II-vol1-chapter-05_20277
20278	Sound	How-to-Tell-the-Birds-from-the-Flowers_20278
20591	Sound	Aedh-Wishes-for-the-Cloths-of-Heaven_20591
20592	Sound	The-Amateur-Cracksman_20592
20593	Sound	Anne-of-Green-Gables_20593
20594	Sound	The-Art-of-War_20594
20595	Sound	The-Awful-German-Language_20595
20596	Sound	The-Ballad-of-Reading-Gaol_20596
20597	Sound	The-Ballad-of-Reading-Gaol_20597
20598	Sound	Buccaneers-and-Pirates-of-Our-Coasts_20598
20599	Sound	The-Canterville-Ghost_20599
20600	Sound	The-Card-a-Story-of-Adventure-in-the-Five-Towns_20600
20601	Sound	Chamber-Music_20601
20602	Sound	Cobb-s-Anatomy_20602
20603	Sound	Christmas-Carol-Collection-2006_20603
20604	Sound	Christmas-Poetry-and-Hymn-Collection_20604
20605	Sound	Christmas-Short-Works-Collection-2006_20605
20670	Sound	The-Founder-of-New-France---A-Chronicle-of-Champlain_20670
20671	Sound	The-Copyright-Question--13-A-Letter-to-the-Toronto-Board-of-Trade_20671
20672	Sound	Eirik-the-Red-s-Saga_20672
20673	Sound	A-Christmas-Carol_20673
20674	Sound	The-Triumphs-of-Eugene-Valmont_20674
20675	Sound	Galatians_20675
20676	Sound	Genesis_20676
20677	Sound	God-and-the-State_20677
20679	Sound	The-Heavenly-Life_20679
20680	Sound	The-Key-of-Gold--23-Czech-Folk-Tales_20680
20681	Sound	Matthew_20681
20682	Sound	Northanger-Abbey_20682
20683	Sound	#NAME?
20684	Sound	Peterchens-Mondfahrt_20684
20685	Sound	Poetics_20685
20686	Sound	Pride-and-Prejudice_20686
20687	Sound	Pride-and-Prejudice_20687
20688	Sound	Psalms---Selections-from-the-World-English-Bible-Translation_20688
20689	Sound	Ragged-Dick_20689
20690	Sound	Livre-de-Ruth_20690
20691	Sound	Sarrasine_20691
20968	Sound	Three-Hundred-Tang-Poems-Volume-1_20968
20969	Sound	Drei-korte-verhoalen-in-ut-Mestreechs_20969
20970	Sound	Liian-Paha-Sappi_20970
20971	Sound	Fables-de-La-Fontaine-livre-premier_20971
20972	Sound	Histoires-ou-Contes-du-temps-pass--avec-des-moralit-s_20972
20973	Sound	Le-tour-du-monde-en-quatre-vingts-jours_20973
20974	Sound	J-accuse...-_20974
20975	Sound	Nellie-Bly-s-Book--13-Around-the-World-in-Seventy-Two-Days_20975
20976	Sound	The-History-of-England-from-the-Accession--13-of-James-II-Vol2-Chapter-6_20976
21139	Sound	Johnny-Crow-s-Garden_21139
21140	Sound	Johnny-Crow-s-Party_21140
21141	Sound	Kleider-machen-Leute_21141
21142	Sound	#NAME?
21143	Sound	Las-F-bulas-de-Esopo-Vol.-01_21143
21144	Sound	Las-F-bulas-de-Esopo-Vol.-03_21144
21145	Sound	Leonce-und-Lena_21145
21146	Sound	Love-Conquers-All_21146
21147	Sound	Manifest-der-Kommunistischen-Partei_21147
21148	Sound	Max-und-Moritz_21148
21149	Sound	Max-und-Moritz_21149
21150	Sound	Mother-Goose-in-Prose_21150
21151	Sound	Secret-Chambers-and-Hiding-Places--13-Historic-Romantic--amp--Legendary-Stories--amp--Traditi__21151
21152	Sound	On-Loving-God_21152
21153	Sound	On-the-Origin-of-Species-by-Means-of-Natural-Selection_21153
21154	Sound	Philosophy-and-Fun-of-Algebra_21154
21155	Sound	Poet-To-His-Love_21155
21156	Sound	Selected-Lullabies_21156
21157	Sound	Queen-Lucia_21157
21158	Sound	Sammlung-deutscher-Gedichte-001_21158
21159	Sound	Sky-Island_21159
21160	Sound	Songs-of-Innocence-and-Songs-of-Experience_21160
21161	Sound	Sonnet-43_21161
21162	Sound	Ten-Days-in-a-Mad-house_21162
21163	Sound	The-Emerald-City-of-Oz_21163
21164	Sound	The-Enchanted-Island-of-Yew_21164
21165	Sound	The-First-Battle-of-Bull-Run_21165
21166	Sound	The-Flag-Goes-By_21166
21167	Sound	The-Golden-Goose-Book_21167
21168	Sound	The-Goop-Directory-of-Juvenile-Offenders-Famous-for-their-Misdeeds-and-Serving-as-a-Salutary-__21168
21169	Sound	The-Lost-Princess-of-Oz_21169
21170	Sound	The-Phantom-Wooer_21170
21171	Sound	The-Pilgrim-s-Progress_21171
21172	Sound	The-Purple-Cow_21172
21173	Sound	The-Riot-Act_21173
21174	Sound	The-Road-to-Oz_21174
21175	Sound	The-Rosary_21175
21176	Sound	The-Story-of-the-Three-Little-Pigs_21176
21177	Sound	The-Tiger_21177
21178	Sound	The-Voice-of-the-Ancient-Bard_21178
21179	Sound	The-Wonderful-Wizard-of-Oz_21179
21180	Sound	The-Romance-of-Tristan-and-Iseult_21180
21181	Sound	Villette_21181
21182	Sound	When-We-Two-Parted_21182
21183	Sound	#NAME?
21184	Sound	Selected-Poems-by-Robert-Frost_21184
21185	Sound	Woyzeck_21185
21186	Sound	#NAME?
21192	Sound	The-Life-and-Adventures-of-Santa-Claus_21192
21369	Sound	Ring-o-Roses--A-Nursery-Rhyme-Picture-Book_21369
21370	Sound	More-Goops-and-How-Not-to-Be-Them--A-Manual-of-Manners-for-Impolite-Infants_21370
21435	Sound	Lord-Jim_21435
21436	Sound	Poems-Every-Child-Should-Know_21436
21437	Sound	North-of-Boston_21437
21438	Sound	King-Solomon-s-Mines_21438
21439	Sound	Badge-of-Infamy_21439
21440	Sound	Allan-Quatermain_21440
21441	Sound	Don-Juan--Canto-I_21441
21517	Sound	The-Diary-of-a-Nobody_21517
21518	Sound	The-Glugs-of-Gosh_21518
21519	Sound	The-Gods-of-Mars_21519
21520	Sound	The-Hound-of-the-Baskervilles_21520
21521	Sound	The-Hunting-of-the-Snark_21521
21522	Sound	The-Innocence-of-Father-Brown_21522
21523	Sound	The-King-in-Yellow-Part-1_21523
21524	Sound	Robinson-Crusoe_21524
21525	Sound	The-Man-Who-Knew-Too-Much_21525
21526	Sound	The-Master-Key-an-Electrical-Fairy-Tale-Founded-Upon-the-Mysteries-of-Electricity_21526
21584	Sound	The-Iliad-for-Boys-and-Girls_21584
21585	Sound	The-Secret-Garden_21585
21586	Sound	The-Sign-of-the-Four_21586
21587	Sound	The-Parasite_21587
21588	Sound	The-Reluctant-Dragon_21588
21589	Sound	The-Rime-of-the-Ancient-Mariner_21589
21601	Sound	The-Vicar-of-Wakefield_21601
21602	Sound	The-Waste-Land_21602
21603	Sound	The-Wisdom-of-Father-Brown_21603
21604	Sound	Three-Short-Works--13-The-Dance-of-Death-the-Legend-of-Saint-Julian-the-Hospitaller-a-Simple-__21604
21605	Sound	Uncle-Remus-his-songs-and-his-sayings_21605
21606	Sound	War-is-Kind_21606
21798	Sound	Winnetou-I_21798
21805	Sound	Day-of-Infamy-Speech--Given-before-the-US-Congress-December-8-1941_21805
22333	Sound	Tom-Swift-and-the-Visitor-From-Planet-X_22333
22340	Sound	The-Wind-in-the-Willows_22340
22341	Sound	The-Wind-in-the-Willows_22341
22348	Sound	Alexander-s-Bridge_22348
22349	Sound	The-Camp-of-the-Dog_22349
22360	Sound	The-Fortieth-Door_22360
22434	Sound	The-Tale-of-Timothy-Turtle_22434
22435	Sound	The-Story-of-a-Stuffed-Elephant_22435
22436	Sound	The-Prisoner-of-Zenda_22436
22437	Sound	The-Price-of-Love_22437
22438	Sound	The-Parenticide-Club_22438
22439	Sound	The-King-in-Yellow-Part-2_22439
22440	Sound	The-Gift-of-the-Magi_22440
22441	Sound	The-Frog-Prince-and-Other-Stories_22441
22442	Sound	The-Four-Million_22442
22443	Sound	Selected-Poems-of-John-Clare-Volume-1_22443
22444	Sound	Selected-Poems-of-Emily-Dickinson_22444
22445	Sound	Robinson-Crusoe-in-Words-of-One-Syllable_22445
22446	Sound	Alexander-the-Great_22446
22447	Sound	Poems-of-Gerard-Manley-Hopkins_22447
22448	Sound	O-Pioneers-_22448
22449	Sound	No-Thoroughfare_22449
22450	Sound	My-Mark-Twain_22450
22451	Sound	Jack-and-Jill_22451
22452	Sound	Howards-End_22452
22453	Sound	How-to-Live-on-24-Hours-a-Day_22453
22454	Sound	Heart-of-the-World_22454
22785	Sound	Indian-Frontier-Policy_22785
22786	Sound	Rautatie_22786
22787	Sound	Little-Men_22787
22788	Sound	The-Federalist-Papers_22788
22789	Sound	On-the-Duties-of-the-Clergy_22789
22798	Sound	The-Book-of-Job_22798
22850	Sound	The-Epistle-of-Paul-the-Apostle-to-the-Colossians_22850
22851	Sound	The-Epistle-of-Paul-the-Apostle-to-the-Ephesians_22851
22852	Sound	The-Epistle-of-Paul-the-Apostle-to-the-Romans_22852
22853	Sound	The-Epistle-of-Paul-the-Apostle-to-the-Galatians_22853
22854	Sound	The-Gospel-According-to-Saint-John_22854
22855	Sound	The-Gospel-According-to-Saint-Mark_22855
22856	Sound	The-First-Epistle-of-Paul-the-Apostle-to-the-Corinthians_22856
22857	Sound	The-Second-Epistle-of-Paul-the-Apostle-to-the-Corinthians_22857
22858	Sound	The-Epistle-of-Paul-the-Apostle-to-the-Philippians_22858
22859	Sound	The-Song-of-Songs_22859
22860	Sound	The-First-Epistle-of-Paul-to-the-Thessalonians_22860
22861	Sound	The-Second-Epistle-of-Paul-to-the-Thessalonians_22861
22862	Sound	The-First-Epistle-of-Paul-the-Apostle-to-Timothy_22862
22863	Sound	The-Second-Epistle-of-Paul-the-Apostle-to-Timothy_22863
22864	Sound	The-Epistle-of-Paul-to-Titus_22864
22929	Sound	The-Epistle-of-Philemon_22929
22930	Sound	The-Epistle-to-the-Hebrews_22930
22931	Sound	The-General-Epistle-of-James_22931
22932	Sound	The-First-Epistle-General-of-Peter_22932
22933	Sound	The-Second-Epistle-General-of-Peter_22933
22934	Sound	The-First-Epistle-of-John_22934
22935	Sound	The-Second-Epistle-of-John_22935
22936	Sound	The-Third-Epistle-of-John_22936
22937	Sound	Epistle-of-Jude_22937
22945	Sound	The-Revelation-of-Saint-John_22945
22946	Sound	The-Indiscreet-Letter_22946
22947	Sound	Peace-On-Earth-Good-Will-To-Dogs_22947
22949	Sound	Winesburg-Ohio_22949
22950	Sound	An-Englishwoman-s-Love-Letters_22950
22951	Sound	Tom-Swift-and-His-Aerial-Warship--Or-The-Naval-Terror-of-the-Seas_22951
22952	Sound	Tom-Swift-in-the-Land-of-Wonders_22952
22953	Sound	Lady-Susan_22953
22954	Sound	Love-and-Freindship--sic-_22954
22962	Sound	Mansfield-Park_22962
22963	Sound	Persuasion_22963
22964	Sound	Sense-and-Sensibility_22964
22978	Sound	The-Essays-of-Francis-Bacon_22978
22979	Sound	The-Tale-of-Peter-Mink_22979
22980	Sound	The-Golden-Dream_22980
22981	Sound	Letters-of-Two-Brides_22981
22982	Sound	Little-Eve-Edgarton_22982
22983	Sound	Molly-Make-Believe_22983
22984	Sound	Peter-Pan_22984
22985	Sound	History-of-the-United-States-Volume-1_22985
22986	Sound	History-of-the-United-States-Volume-2--13-Conflict--amp--Independence_22986
22987	Sound	Authentic-Narrative-of-the-Death-of-Lord-Nelson_22987
23053	Video	Night-of-the-Living-Dead_23053
23075	Sound	Ozma-of-Oz_23075
23076	Sound	Tik-Tok-of-Oz_23076
23077	Sound	Jane-Eyre_23077
23078	Sound	Murder-at-Bridge_23078
23079	Sound	Sonnets-from-the-Portuguese_23079
23080	Sound	The-Devil-s-Dictionary_23080
23081	Sound	Present-at-a-Hanging-and-Other-Ghost-Stories_23081
23082	Sound	The-Consolation-of-Philosophy_23082
23083	Sound	Majoor-Frans_23083
23084	Sound	Lady-Audley-s-Secret_23084
23085	Sound	The-Colors-of-Space_23085
23088	Sound	The-Loss-of-the-S.-S.-Titanic_23088
23089	Sound	The-Good-Housekeeping-Marriage-Book_23089
23705	Sound	Seven-Wives-and-Seven-Prisons--13-Or-Experiences-in-the-Life-of-a-Matrimonial-Monomaniac_23705
23706	Sound	Greenmantle_23706
23707	Sound	The-Ideal-Bartender_23707
23708	Sound	The-Burgess-Animal-Book-for-Children_23708
23709	Sound	The-Burgess-Bird-Book-for-Children_23709
23710	Sound	Little-Lord-Fauntleroy_23710
23711	Sound	A-Little-Princess_23711
23712	Sound	Tarzan-of-the-Apes_23712
23713	Sound	Warlord-of-Mars_23713
23714	Sound	Squirrels-and-other-Fur-Bearers_23714
23715	Sound	Warlord-of-Kor_23715
23716	Sound	Alice-s-Adventures-in-Wonderland_23716
23717	Sound	Jabberwocky_23717
23718	Sound	Through-the-Looking-Glass_23718
23719	Sound	The-Gospel-According-to-St.-Matthew_23719
23720	Sound	To-Lesbia_23720
23721	Sound	Chronicles-of-Canada-Volume-6---THE-GREAT-INTENDANTA-Chronicle-of-Jean-Talon-in-Canada-1665-1__23721
23722	Sound	The-Canterbury-Tales_23722
23723	Sound	The-Man-Who-was-Thursday-A-Nightmare_23723
23724	Sound	The-Awakening_23724
23896	Sound	The-Secret-Agent_23896
23897	Sound	The-Owl-and-the-Pussycat_23897
23898	Sound	Old-Christmas_23898
23899	Sound	Psmith-in-the-City_23899
23900	Sound	In-Flanders-Fields_23900
23901	Sound	The-Raven_23901
23902	Sound	The-Cow_23902
23903	Sound	The-Constitution-of-the-United-States-of-America-1787_23903
23904	Sound	The-Open-Library_23904
23905	Sound	The-Communist-Manifesto_23905
23932	Sound	Manifest-der-Kommunistischen-Partei_23932
23933	Sound	#NAME?
23934	Sound	The-Road_23934
23935	Sound	Sonnet-23_23935
23936	Sound	Treasure-Island_23936
23937	Sound	The-Happy-Prince-and-Other-Tales_23937
23964	Sound	Sara-Crewe--or-What-Happened-at-Miss-Minchin-s-Boarding-School_23964
23965	Sound	The-Legend-of-Sleepy-Hollow_23965
23966	Sound	The-Song-My-Paddle-Sings_23966
23967	Sound	If_23967
23968	Sound	On-the-Antiseptic-Principle-of-the-Practice-of-Surgery_23968
23969	Sound	Typee_23969
23970	Sound	Sonnets_23970
23974	Sound	The-Tao-Teh-King-or-the-Tao-and-its-Characteristics_23974
23975	Sound	Spirits-in-Bondage_23975
23976	Sound	White-Fang_23976
23977	Sound	The-Little-Lame-Prince_23977
23978	Sound	#NAME?
23979	Sound	Leaves-of-Grass_23979
23980	Sound	The-Velveteen-Rabbit_23980
24036	Sound	Sonnet-130_24036
26200	Sound	The-Gettysburg-Address_26200
26201	Sound	The-Story-of-Doctor-Doolittle_26201
26202	Sound	Sadhana-the-Realisation-of-Life_26202
26203	Sound	The-Adventures-of-Tom-Sawyer_26203
26212	Sound	Chocolate--or-An-Indian-Drinke_26212
26213	Sound	Fenimore-Cooper-s-Literary-Offenses_26213
26214	Sound	The-Jesuit-Missions--A-Chronicle-of-the-Cross-in-the-Wilderness_26214
26219	Sound	The-Dog-Crusoe-and-His-Master_26219
26220	Sound	A-Girl-of-the-Limberlost_26220
26221	Sound	The-Golden-Road_26221
26222	Sound	The-Imitation-of-Christ_26222
26223	Sound	Just-So-Stories_26223
26224	Sound	King-Lear_26224
26225	Sound	Fifteen-Thousand-Useful-Phrases_26225
26226	Sound	The-Importance-of-Being-Earnest_26226
26227	Sound	The-Book-of-Jonah_26227
26228	Sound	Candide_26228
26229	Sound	The-Congo_26229
26230	Sound	The-Picture-of-Dorian-Gray_26230
26245	Sound	The-History-of-the-Peloponnesian-War_26245
26246	Sound	The-Invisible-Man--A-Grotesque-Romance_26246
26247	Sound	The-Strange-Case-of-Dr-Jekyll--amp--Mr-Hyde_26247
26248	Sound	Life--Poem-XXI--13-A-Book_26248
26249	Sound	The-Light-Princess_26249
26250	Sound	Lincoln-at-Cooper-Union_26250
26251	Sound	Magna-Carta_26251
26252	Sound	The-Prince-and-the-Pauper_26252
26253	Sound	The-Prince_26253
26264	Sound	The-Return-of-the-Native_26264
26265	Sound	Rilla-of-Ingleside_26265
26266	Sound	The-Rocket-Book_26266
26267	Sound	The-Romance-of-Rubber_26267
26268	Sound	Romeo-and-Juliet_26268
26269	Sound	Silas-Marner_26269
26270	Sound	The-Sermon-on-the-Mount_26270
26271	Sound	The-Slant-Book_26271
26272	Sound	The-Spy_26272
26273	Sound	The-Story-Girl_26273
26274	Sound	The-Swiss-Family-Robinson_26274
26285	Sound	The-Turn-of-the-Screw_26285
26286	Sound	The-Velveteen-Rabbit_26286
26287	Sound	The-Warden_26287
26288	Sound	To-His-Coy-Mistress_26288
26289	Sound	Walden_26289
26290	Sound	War-of-the-Worlds_26290
26291	Sound	The-War-of-the-Worlds_26291
26293	Sound	The-Wind-in-the-Willows_26293
26296	Sound	Les-mille-et-une-nuits-tome-premier_26296
26297	Sound	Little-Women_26297
26298	Sound	The-Metamorphosis_26298
26299	Sound	Onder-Moeders-Vleugels_26299
26300	Sound	Peter-the-Great_26300
26301	Sound	Pride-and-Prejudice_26301
26302	Sound	The-Theory-of-Social-Revolutions_26302
26303	Sound	Right-Ho-Jeeves_26303
26304	Sound	The-Stolen-White-Elephant_26304
26305	Sound	Yes-Virginia-There-Is-A-Santa-Claus_26305
26458	Sound	Age-of-Innocence_26458
26459	Sound	A-Child-s-Garden-of-Verses_26459
26460	Sound	English-Fairy-Tales_26460
26461	Sound	Five-Sci-Fi-Short-Stories_26461
26462	Sound	The-Foolish-Dictionary_26462
26463	Sound	The-Garden-Party-and-Other-Stories_26463
26464	Sound	Gawayne-and-the-Green-Knight_26464
26465	Sound	The-Harvester_26465
26466	Sound	Idle-Thoughts-of-an-Idle-Fellow_26466
26467	Sound	The-Merry-Adventures-of-Robin-Hood_26467
26468	Sound	The-Middle-Temple-Murder_26468
26469	Sound	Rainbow-Valley_26469
26470	Sound	The-Red-House-Mystery_26470
26471	Sound	Spoon-River-Anthology_26471
26472	Sound	What-Men-Live-By-and-Other-Tales_26472
26573	Sound	On-the-Duty-of-Civil-Disobedience_26573
26574	Sound	The-Extraordinary-Adventures-of-Ars-ne-Lupin-Gentleman-Burglar_26574
26575	Sound	Selected-Lullabies_26575
26576	Sound	History-of-England-from-the-Accession-of-James-II-vol2-chapter-6_26576
26577	Sound	How-to-Speak-and-Write-Correctly_26577
26578	Sound	Little-Wars--A-Game-for-Boys-from-twelve-years-of-age-to-one-hundredgames-and-books-_26578
26579	Sound	Love-Among-the-Chickens_26579
26580	Sound	Many-Voices_26580
26581	Sound	Master-and-Man_26581
26582	Sound	Michael-O-Halloran_26582
26583	Sound	The-Fortunes-and-Misfortunes-of-the-Famous-Moll-Flanders_26583
26584	Sound	Night-and-Day_26584
26585	Sound	Perpetual-Peace--A-Philosophic-Essay_26585
26586	Sound	Studies-in-Pessimism_26586
26587	Sound	The-Paradise-Mystery_26587
26588	Sound	Ophelia_26588
26589	Sound	The-Story-of-the-Treasure-Seekers_26589
26590	Sound	A-Vindication-of-the-Rights-of-Woman_26590
26591	Sound	Wonderwings-and-other-Fairy-Stories_26591
26592	Sound	The-Yosemite_26592
28731	Sound	The-Monkey-s-Paw_28731
28732	Sound	Fables-de-La-Fontaine-livre-second_28732
28733	Sound	The-Adventures-of-Sherlock-Holmes_28733
28734	Sound	The-Antichrist_28734
28737	Sound	At-the-Back-of-the-North-Wind_28737
28738	Sound	Bohemian-San-Francisco_28738
28739	Sound	Familiar-Letters-on-Chemistry-and-Its-Relation-to-Commerce-Physiology-and-Agriculture_28739
28753	Sound	Domestic-Cookery-Useful-Receipts-and-Hints-to-Young-Housekeepers_28753
28754	Sound	History-of-England-from-the-Accession-of-James-II-vol2-chapter08_28754
28755	Sound	The-Hollow-Needle--Further-Adventures-of-Ars-ne-Lupin_28755
28756	Sound	The-Interesting-Narrative-of-the-Life-of-Olaudah-Equiano-Or-Gustavus-Vassa-The-African-Writte__28756
28761	Sound	Life-in-Mexico_28761
28762	Sound	Life-in-the-Clearings_28762
28781	Sound	Extracts-from-Adam-s-Diary_28781
28782	Sound	Legend-Land-Volume-1--amp--2_28782
28792	Sound	Omnilingual_28792
28793	Sound	Oomphel-in-the-Sky_28793
28794	Sound	Moby-Dick--Or-The-Whale_28794
28795	Sound	Otto-of-the-Silver-Hand_28795
28797	Sound	The-Odyssey_28797
28798	Sound	Pollyanna_28798
28799	Sound	The-Spinster-Book_28799
28800	Sound	On-the-Popular-Judgment--That-may-be-Right-in-Theory-but-does-not-Hold-Good-in-the-Praxis_28800
28801	Sound	Relativity--The-Special-and-General-Theory_28801
28806	Sound	The-Story-of-the-Middle-Ages_28806
28807	Sound	The-Story-of-My-Life_28807
28808	Sound	The-Scarlet-Pimpernel_28808
28809	Sound	Plague-Ship_28809
28810	Sound	The-Devil-s-Pool_28810
28811	Sound	Barchester-Towers_28811
28836	Sound	Ballads-of-a-Bohemian_28836
28837	Sound	Three-Men-in-a-Boat--To-Say-Nothing-of-the-Dog-_28837
28838	Sound	The-Getting-of-Wisdom_28838
28839	Sound	The-Clue-of-the-Twisted-Candle_28839
28840	Sound	The-Island-of-Dr.-Moreau_28840
28841	Sound	Current-Superstitions_28841
28842	Sound	Don-Quixote-Volume-1_28842
28843	Sound	Youth-a-Narrative_28843
28844	Sound	The-Souls-of-Black-Folk_28844
28845	Sound	Good-Things-to-Eat-as-Suggested-by-Rufus_28845
28907	Sound	Book-of-Philemon_28907
28908	Sound	A-Dream-within-a-Dream_28908
28909	Sound	The-Philosophy-of-Style_28909
28911	Sound	The-Book-of-Tea_28911
28912	Sound	Anthem_28912
28913	Sound	Voodoo-Planet_28913
28916	Sound	Some-Turns-of-Thought-in-Modern-Philosophy_28916
28917	Sound	Carmilla_28917
28918	Sound	From-the-Earth-to-the-Moon_28918
28919	Sound	Frenzied-Fiction_28919
28920	Sound	War-and-Peace-Book-01--1805_28920
28939	Sound	This-Side-of-Paradise_28939
28940	Sound	Stalky--amp--Co._28940
28941	Sound	The-Princess-and-the-Goblin_28941
28942	Sound	The-Junior-Classics--vol-1---Fairy-and-wonder-tales_28942
28943	Sound	Dorothy-Dale---A-Girl-of-Today_28943
28944	Sound	Captain-Blood_28944
28945	Sound	Scaramouche--A-Romance-of-the-French-Revolution_28945
28946	Sound	Gulliver-s-Travels_28946
28947	Sound	Around-the-World-in-Eighty-Days_28947
30156	Image	Second-Overture-In-Solomon--13-Sinfonia-The-Arrival-of-the-Queen-of-Sheba_30156
34921	Sound	Mankind-in-the-Making_34921
35347	Sound	Grand-Canyon-of-Arizona--how-to-see-it_35347
35348	Sound	A-Duet-with-Occasional-Chorus_35348
36097	Sound	New-York_36097
36102	Sound	A-Princess-of-Mars_36102
36169	Copyright	An-Autobiography_36169
